{
  "strategies": {
    "Caption only": {
      "P@1": 0.6346153846153846,
      "R@1": 0.5246794871794871,
      "F1@1": 0.5525641025641026,
      "P@5": 0.6666666666666667,
      "R@5": 0.6666666666666667,
      "F1@5": 0.6666666666666667
    },
    "Caption + transcript": {
      "P@1": 0.6923076923076923,
      "R@1": 0.5855769230769231,
      "F1@1": 0.6134615384615384,
      "P@5": 0.7246794871794873,
      "R@5": 0.7246794871794873,
      "F1@5": 0.7246794871794873
    },
    "Current system": {
      "P@1": 0.9038461538461539,
      "R@1": 0.7535256410256412,
      "F1@1": 0.7897435897435898,
      "P@5": 0.9349358974358974,
      "R@5": 0.9349358974358974,
      "F1@5": 0.9349358974358974
    }
  },
  "config": {
    "k": [
      1
    ],
    "retrieval_count": 20
  },
  "num_queries": 52
}