{
  "strategies": {
    "Caption only": {
      "P@1": 0.6346153846153846,
      "R@1": 0.5246794871794871,
      "F1@1": 0.5525641025641026,
      "P@3": 0.6346153846153845,
      "R@3": 0.6118589743589742,
      "F1@3": 0.620650183150183,
      "P@5": 0.6666666666666667,
      "R@5": 0.6666666666666667,
      "F1@5": 0.6666666666666667
    },
    "Caption + transcript": {
      "P@1": 0.6923076923076923,
      "R@1": 0.5855769230769231,
      "F1@1": 0.6134615384615384,
      "P@3": 0.7179487179487178,
      "R@3": 0.6951923076923077,
      "F1@3": 0.7039835164835165,
      "P@5": 0.7246794871794873,
      "R@5": 0.7246794871794873,
      "F1@5": 0.7246794871794873
    },
    "Current system": {
      "P@1": 0.9038461538461539,
      "R@1": 0.7535256410256412,
      "F1@1": 0.7897435897435898,
      "P@3": 0.9294871794871795,
      "R@3": 0.9025641025641027,
      "F1@3": 0.9130036630036631,
      "P@5": 0.9349358974358974,
      "R@5": 0.9349358974358974,
      "F1@5": 0.9349358974358974
    }
  },
  "config": {
    "k": [
      1,
      3,
      5
    ],
    "retrieval_count": 20
  },
  "num_queries": 52
}